user_id,total_video,normal_clips,downloaded_clips,shared_clips,edited_clips,avg_waiting_time,days_active,total_spent_minutes,join_via,days_in_vip,churn_status
45745320,0,0,0,0,0,0,0,0,Desktop,98,0
36485256,4,0,0,0,0,0,0,0,Desktop,36,0
52614000,14,551,15,0,23,1.378232323,3,135.0333333,Desktop,84,0
43295328,1,28,0,0,0,0.8863888889,0,0,Desktop,120,0
70911240,1,28,10,0,10,0.7703703704,6,74.73333333,Desktop,16,1
52386672,2,0,0,0,0,0,0,0,Desktop,92,0
41506008,0,0,0,0,0,0,0,0,Desktop,121,0
45749760,3,17,0,0,0,0.3221296296,4,2.95,Desktop,58,0
46903272,0,0,0,0,0,0,0,0,Desktop,115,0
42913488,0,0,0,0,0,0.5811111111,0,0,mobile_Chrome_Android,81,0
57094848,0,0,0,0,0,0,0,0,Desktop,47,0
71067528,5,37,0,0,0,0.6896031746,2,26.41666667,Desktop,31,0
44190432,18,385,3,0,2,0.8104365079,7,109.0666667,Desktop,107,0
74470344,0,0,0,0,0,0.6150925926,0,0,Desktop,13,0
30523224,1,0,0,0,0,0,0,0,mobile_Chrome_IOS,171,0
71826768,0,0,0,0,0,0.4094444444,0,0,Desktop,27,0
44103408,0,0,0,0,0,0,0,0,Desktop,119,0
23365944,3,99,2,0,2,0.7109444444,3,62.83333333,Desktop,219,0
54428184,0,0,0,0,0,0,0,0,Desktop,76,0
45850992,1,10,0,0,0,0.7705555556,1,0.01666666667,Desktop,111,0
74690568,4,90,7,0,8,0.6701111111,6,116.1666667,mobile_Safari_IOS,7,0
70841976,0,0,0,0,0,0,0,0,Desktop,31,1
32380032,0,0,0,0,0,0,0,0,Desktop,24,0
71313504,0,0,0,0,0,0,0,0,Desktop,28,0
41016720,0,0,0,0,0,0,0,0,Desktop,123,0
59223384,9,237,0,0,0,0.9774768519,1,18.23333333,mobile_Chrome_Android,37,0
41884296,3,60,0,0,0,0.456984127,0,0,Desktop,38,0
63806352,1,10,0,0,0,0.5406944444,0,0,Desktop,57,0
65963304,5,265,3,0,3,2.018055556,4,131.5166667,Desktop,7,1
29741784,0,0,0,0,0,0.4475,0,0,mobile_Chrome_Android,37,0
25060248,0,0,0,0,0,0,0,0,Desktop,207,0
73687128,5,144,0,8,13,1.495111111,5,140.9333333,Desktop,17,0
25775088,0,0,0,0,0,0,0,0,Desktop,200,0
58110720,0,0,0,0,0,0.3765277778,0,0,Desktop,59,1
22123632,0,0,0,0,0,0,0,0,Desktop,227,0
58156008,0,0,0,0,0,0,0,0,Desktop,53,0
54280776,4,404,0,0,0,2.162555556,6,57.15,mobile_Safari_IOS,85,0
46076544,3,102,0,0,0,3.414907407,2,10.05,Desktop,102,0
22494816,0,0,0,0,0,0,0,0,Desktop,222,0
30334080,0,0,0,0,0,0,0,0,Desktop,166,0
45302208,0,0,0,0,0,0,0,0,Desktop,118,0
48790272,3,0,0,0,0,0.6569444444,0,0,Desktop,11,0
76228584,2,43,2,0,2,1.469652778,2,98.25,Desktop,9,0
41799936,0,0,0,0,0,0,0,0,mobile_Chrome_IOS,26,0
63089736,7,33,0,0,0,0.6266296296,0,0,Desktop,58,0
51791712,16,254,0,4,0,3.627574786,2,43.56666667,Desktop,92,0
52296096,3,30,0,0,0,0.6450925926,1,3.066666667,Desktop,78,0
65461584,0,0,0,0,0,0,0,0,Desktop,52,1
21811056,0,0,0,0,0,1.78,0,0,Desktop,180,0
34620456,8,0,2,0,2,0.8993055556,2,34.16666667,mobile_Safari_IOS,153,0
70482336,1,5,7,0,0,2.570324074,4,77.45,Desktop,6,0
44962992,1,0,0,0,0,3.581666667,2,0.01666666667,mobile_Safari_IOS,118,0
68378664,4,88,14,0,11,0.708287037,3,79.65,Desktop,39,0
62020584,0,0,0,15,17,0.1951388889,2,116.6166667,mobile_Safari_IOS,62,0
68248128,0,0,0,0,0,0,0,0,Desktop,30,0
30252384,0,0,0,0,0,0,0,0,Desktop,145,0
70895256,0,0,0,0,0,2.352916667,0,0,Desktop,31,0
61055328,0,0,0,0,0,0,0,0,mobile_Chrome_Android,63,0
44833344,0,0,0,0,0,0,0,0,App_android,118,0
32474160,1,0,0,0,0,0,0,0,Desktop,161,0
45637872,1,0,0,0,0,0,0,0,Desktop,33,0
64930560,6,183,31,0,35,0.908287037,6,634.0833333,mobile_Safari_IOS,53,0
25025616,5,0,0,0,0,0,0,0,Desktop,208,0
43724232,0,0,0,0,0,0,0,0,Desktop,116,0
22826040,1,23,0,0,0,1.3225,0,0,Desktop,212,0
58884168,1,10,0,0,0,0.5711805556,4,73.4,App_android,10,0
75575016,8,210,1,0,0,1.121816239,6,180.4166667,Desktop,9,0
26235960,2,86,0,0,0,0.7977083333,2,33.56666667,Desktop,14,0
49929576,6,220,18,0,7,1.19787037,4,293.45,Desktop,41,0
56006160,0,0,0,0,0,0,0,0,Desktop,30,0
48452832,0,0,0,0,0,0,0,0,Desktop,107,0
57378120,0,0,0,0,0,0,0,0,Desktop,70,0
62620872,0,0,0,0,0,0,2,4.75,Desktop,46,0
27655872,2,0,2,0,2,0.375,3,44.78333333,Desktop,121,0
56333832,13,120,3,0,4,0.775787037,3,99.45,Desktop,77,0
26608032,7,153,0,0,0,1.161919192,0,0,Desktop,186,0
24557640,0,0,0,0,0,0,0,0,Desktop,209,0
67689576,7,35,0,0,0,0.4149768519,0,0,Desktop,43,0
61785264,1,11,0,0,0,0.6547222222,0,0,Desktop,62,0
63603000,8,40,5,7,7,0.5450793651,6,272.2333333,App_android,54,0
42563616,1,45,0,0,1,2.649166667,1,20.8,Desktop,122,0
22390032,1,37,4,0,0,0.9177777778,7,19.9,mobile_Chrome_IOS,137,0
64784928,1,0,0,0,0,0.6559722222,0,0,Desktop,16,0
68249016,4,109,0,0,0,0.4846666667,1,0.01666666667,Desktop,23,0
72906576,1,0,0,0,0,0.3294444444,0,0,Desktop,22,0
30540984,2,76,0,0,0,1.226555556,0,0,Desktop,169,0
68177088,0,0,0,0,0,0,0,0,Desktop,41,0
64910136,0,0,0,0,0,0,0,0,Desktop,47,0
48431520,1,54,2,0,2,0.4159920635,2,74.71666667,mobile_Safari_IOS,60,0
32680176,0,0,0,0,0,0,0,0,Desktop,158,0
70073856,0,0,0,0,0,0,0,0,Desktop,17,0
23733576,0,0,0,0,0,0,0,0,Desktop,188,0
50825568,3,0,0,0,2,0.6745,3,18.98333333,Desktop,93,0
22752336,0,0,0,0,0,2.291111111,1,7.05,Desktop,67,0
42326520,0,0,0,0,0,0,0,0,Desktop,62,0
50240376,0,0,0,0,0,0,0,0,Desktop,100,0
70936104,0,0,0,0,0,0,0,0,mobile_Safari_IOS,28,0
28511016,0,0,0,0,0,0,0,0,Desktop,121,0
64269000,0,0,0,0,0,0,0,0,Desktop,43,0
37523328,2,88,0,0,0,7.707777778,0,0,Desktop,94,0
54865080,0,0,0,0,0,0,0,0,mobile_Safari_IOS,83,0
23338416,0,0,0,0,0,0,2,4.45,Desktop,205,0
30885528,1,0,0,0,0,0,0,0,Desktop,169,1
37839456,0,0,0,0,0,0,3,21.23333333,Desktop,93,0
33388800,0,0,0,0,0,0,0,0,Desktop,121,0
50886840,4,265,20,12,14,1.249722222,6,366.0666667,mobile_Safari_IOS,91,0
36940800,0,0,0,0,0,1.020972222,3,18.7,Desktop,144,0
66471240,2,19,0,0,0,0.6246296296,2,24.98333333,Desktop,45,0
24735240,0,0,0,0,0,0,0,0,Desktop,202,0
45831456,0,0,0,0,0,0,0,0,Desktop,117,0
30460176,0,0,0,0,0,0,0,0,Desktop,170,0
40250376,4,0,0,0,1,1.002222222,1,24.1,Desktop,13,0
35083992,5,44,0,5,8,0.5717592593,5,360.9666667,Desktop,41,0
37831464,0,0,0,0,0,0,0,0,Desktop,111,0
65509536,0,0,0,0,0,4.135092593,0,0,App_IOS,47,0
71572800,0,0,0,0,0,0,0,0,Desktop,28,0
67524408,0,0,0,0,0,0,0,0,Desktop,44,0
64934112,0,0,0,0,0,0,0,0,Desktop,49,0
51942672,1,0,0,0,0,0.3583333333,0,0,Desktop,42,0
63694464,0,0,0,0,0,0,0,0,Desktop,58,0
43805928,4,0,0,0,0,0,0,0,Desktop,121,0
58666608,0,0,0,0,0,0.1876388889,0,0,Desktop,54,0
52277448,1,20,0,0,0,0.2058333333,1,49.13333333,Desktop,92,0
51963984,0,0,0,0,0,0.2202777778,0,0,Desktop,92,0
27286464,0,0,0,0,0,0,1,0.65,Desktop,188,0
73310616,0,0,0,0,0,0,3,0,Desktop,19,0
41468712,3,114,0,0,0,1.127555556,0,0,Desktop,123,0
64466136,0,0,0,0,0,0,0,0,mobile_Safari_IOS,55,0
63038232,5,77,2,0,4,1.350656566,7,217.1,Desktop,59,0
35850336,0,0,0,0,0,0,0,0,Desktop,148,0
74290968,9,90,0,0,0,0.8797048611,1,2.033333333,mobile_Chrome_IOS,15,0
49258248,0,0,0,0,0,0.715462963,0,0,Desktop,99,0
55500888,1,0,0,0,0,0,0,0,Desktop,79,0
31793952,4,55,0,0,0,1.216342593,3,6.216666667,Desktop,59,0
70096056,1,10,0,0,0,0.8612037037,0,0,Desktop,19,0
74037000,14,92,0,0,0,1.199143519,0,0,Desktop,16,0
70718544,3,95,0,0,0,1.123055556,0,0,mobile_Safari_IOS,31,0
30729240,3,0,0,0,0,0,0,0,Desktop,170,0
74301624,0,0,0,0,0,0.09944444444,0,0,Desktop,15,1
43260696,1,47,0,0,0,0.4869444444,2,54.91666667,Desktop,120,0
73992600,0,0,0,0,0,0,0,0,Desktop,16,0
43474704,0,0,0,0,0,0,0,0,App_android,119,0
31176792,0,0,0,0,0,0,0,0,Desktop,164,0
76648608,7,73,1,0,0,0.7257407407,2,222.65,Desktop,8,0
42600912,0,0,0,0,0,0,0,0,Desktop,112,0
41476704,3,0,0,0,0,0,0,0,Desktop,123,0
59811240,2,45,0,3,0,0.8019444444,1,54.61666667,Desktop,65,0
56922576,0,0,0,0,0,0.3715277778,0,0,Desktop,70,0
56150016,0,0,0,0,0,0,0,0,Desktop,77,0
68401752,5,90,5,0,5,0.7725,2,154.6333333,Desktop,6,0
24594936,2,0,0,0,0,0,0,0,Desktop,210,0
52647744,0,0,0,0,0,0,0,0,mobile_Safari_IOS,90,0
71246904,2,41,0,0,0,0.9315,0,0,mobile_Safari_IOS,27,0
45016272,2,0,0,0,0,0,0,0,Desktop,115,0
41199648,3,0,0,0,0,0,0,0,Desktop,123,0
70378440,0,0,0,0,0,0,0,0,Desktop,34,0
29701824,0,0,0,0,0,0,0,0,Desktop,173,0
68027016,0,0,0,0,0,0,0,0,mobile_Chrome_Android,43,0
31547976,0,0,0,0,0,1.083703704,0,0,Desktop,44,0
74714544,5,17,0,0,0,0.5133333333,2,4.033333333,Desktop,8,0
40521216,3,30,0,0,0,0.4380555556,0,0,Desktop,124,0
33039816,0,0,0,0,0,0,0,0,Desktop,157,0
73540608,1,10,0,0,0,0.9966666667,2,9.683333333,mobile_Safari_IOS,16,0
28147824,2,76,1,6,6,0.6080092593,2,134.4833333,mobile_Chrome_Android,185,0
45759528,2,38,0,0,0,0,1,1.05,Desktop,103,0
23086224,4,49,0,0,0,0.6363425926,2,9.533333333,Desktop,61,0
23359728,2,192,0,0,0,1.527685185,4,6.533333333,Desktop,140,0
39123504,2,20,0,0,0,0.5704166667,0,0,Desktop,132,0
45144144,3,36,0,0,0,0.1250925926,1,7.766666667,Desktop,119,0
24979440,0,0,0,0,0,0,0,0,Desktop,207,0
61074864,3,30,0,0,0,0.7671111111,0,0,mobile_other_Android,62,0
22231080,0,0,0,0,0,0,0,0,Desktop,225,0
21892752,0,0,0,0,0,0,0,0,Desktop,231,0
61245360,0,0,0,0,0,0,0,0,mobile_Safari_IOS,47,0
67733976,4,68,1,5,0,1.222555556,3,51.33333333,Desktop,38,0
48962544,3,60,1,0,1,0.4720833333,1,60.65,Desktop,108,0
41637432,3,0,0,0,0,0,0,0,Desktop,122,0
42036144,2,0,0,0,0,0,0,0,mobile_Safari_IOS,121,1
43869864,0,0,0,0,0,0,0,0,Desktop,119,0
52534080,0,0,0,0,0,0,0,0,Desktop,70,0
59257128,1,10,0,0,10,0.3476851852,1,21.98333333,Desktop,70,0
74898360,6,191,0,0,0,0.8024747475,1,23.26666667,mobile_Safari_IOS,13,0
69338592,1,4,0,0,0,1.346574074,4,25.03333333,mobile_Chrome_Android,33,0
72966960,0,132,0,0,0,1.036388889,1,92.06666667,Desktop,20,0
34622232,2,29,0,0,0,0.5168055556,2,4.466666667,mobile_Safari_IOS,153,0
70195512,2,35,0,0,0,1.523388889,4,30.83333333,Desktop,28,0
72075408,0,0,0,0,0,1.142175926,0,0,Desktop,24,0
44140704,3,0,0,0,0,0,1,2.483333333,Desktop,120,1
76356456,2,37,0,0,0,1.087407407,0,0,Desktop,9,0
73269768,4,20,1,0,1,0.7544047619,3,151.0333333,Desktop,19,0
64265448,5,84,0,0,0,3.235194444,2,0.7666666667,Desktop,35,0
59650512,2,0,0,0,0,0,0,0,Desktop,69,0
42891288,4,30,0,0,0,0.478989899,1,0,Desktop,120,1
50877072,5,70,0,0,0,1.134642857,4,25.36666667,mobile_Chrome_IOS,99,0
74171088,3,27,0,0,0,0.4533333333,0,0,mobile_Safari_IOS,16,0
70836648,10,220,1,0,10,109.555873,7,144.8666667,Desktop,30,0
22824264,0,0,0,0,0,0,0,0,Desktop,222,0
71849856,3,30,0,0,0,0.4503703704,1,28.16666667,mobile_Safari_IOS,26,0
44182440,0,0,0,0,0,0,0,0,Desktop,120,0
63322392,6,130,0,0,0,1.038425926,0,0,mobile_Chrome_Android,60,0
71010696,0,0,0,0,0,0,0,0,Desktop,30,0
75955968,6,0,2,0,2,1.600972222,1,18.66666667,Desktop,10,0
75036888,1,90,0,0,0,1.323240741,4,82.61666667,Desktop,11,0
24950136,4,0,0,0,0,0,0,0,Desktop,207,0
63364128,0,0,0,0,0,0,0,0,Desktop,59,1
22609368,0,0,0,0,0,0,1,0.05,Desktop,188,0
74742960,1,4,0,2,1,0.7011111111,3,73.31666667,mobile_Chrome_Android,12,0
61001160,11,23,0,0,0,0.6754166667,3,11.1,Desktop,52,0
69189408,0,0,0,0,0,0,0,0,Desktop,39,0
49240488,9,134,4,2,2,0.6834548611,4,89.86666667,Desktop,24,0
53109504,5,0,0,0,0,0.5039444444,0,0,Desktop,33,0
64270776,0,0,0,0,0,0,0,0,mobile_Safari_IOS,55,0
44017272,0,0,0,0,0,0,0,0,Desktop,121,0
69522408,0,0,0,0,0,0,0,0,Desktop,36,0
37424760,3,152,0,0,0,0.9083730159,0,0,Desktop,138,0
55012488,0,0,0,0,0,0,0,0,mobile_Chrome_Android,81,0
26043264,0,0,0,0,0,0,0,0,Desktop,138,0
65061096,0,0,0,0,0,0,0,0,Desktop,14,0
41665848,3,0,0,0,0,0,2,1.016666667,App_android,43,0
30265704,1,10,0,0,0,0.4655555556,1,0.03333333333,Desktop,172,0
34228848,0,0,0,0,0,0,0,0,Desktop,133,0
69392760,0,0,0,0,0,0,0,0,Desktop,38,0
74391312,5,33,0,0,2,0.4653174603,5,41.71666667,Desktop,14,0
77120136,7,301,0,0,0,1.352083333,5,246.3833333,Desktop,7,0
68786256,0,0,0,0,0,0,0,0,Desktop,39,0
44990520,10,99,0,0,0,0.6651481481,0,0,mobile_Safari_IOS,119,0
63722880,5,0,0,0,0,0,0,0,Desktop,33,0
46558728,2,60,0,2,4,0.7843518519,4,129.15,Desktop,48,0
59843208,0,0,0,0,0,2.042611111,0,0,Desktop,68,0
73560144,0,0,0,0,0,0,0,0,Desktop,17,0
21480720,3,0,0,0,0,0,0,0,Desktop,211,0
68669928,4,46,0,0,0,2.496666667,4,37.31666667,Desktop,14,0
62102280,1,0,0,0,0,0,0,0,Desktop,53,0
28644216,0,0,0,0,0,0,0,0,mobile_Safari_IOS,178,0
74890368,2,40,1,1,2,2.23797619,2,173.1666667,Desktop,8,0
22033056,1,0,0,0,0,0,0,0,Desktop,204,0
39230952,2,10,0,0,0,0.6855092593,0,0,Desktop,88,0
69228480,7,130,0,0,0,0.4617094017,4,41.03333333,Desktop,38,0
72301848,3,59,0,0,0,0.6246527778,0,0,Desktop,19,0
72968736,7,57,3,0,3,0.6327222222,2,44.15,Desktop,10,0
67981728,3,47,0,0,0,0.8067777778,3,40.43333333,Desktop,33,0
36060792,2,20,0,0,0,2.085138889,4,27.45,Desktop,65,0
26645328,1,0,0,0,0,0,0,0,mobile_Safari_IOS,186,0
30583608,3,187,0,1,1,1.368935185,3,79.91666667,Desktop,167,0
55154568,0,0,0,0,0,0,0,0,Desktop,82,0
46114728,1,130,0,0,0,2.758888889,2,2.75,Desktop,117,0
40852440,4,0,0,0,0,0,2,3.733333333,Desktop,124,0
65883384,3,30,0,0,0,0.6488888889,0,0,Desktop,49,0
54341160,0,0,0,0,0,0,0,0,Desktop,82,0
36257928,0,0,0,0,0,0,0,0,Desktop,79,0
72085176,8,0,0,0,0,1.342314815,0,0,Desktop,25,0
60052776,0,0,0,0,1,0,2,52.78333333,Desktop,67,0
65608992,0,0,0,0,0,0,0,0,App_IOS,50,0
62927232,0,0,0,0,0,0,1,0.15,Desktop,61,1
59031576,3,75,4,0,4,0.9608730159,3,19.66666667,Desktop,69,0
42750096,3,74,0,0,0,1.326944444,0,0,Desktop,122,0
74143560,8,246,1,7,4,1.12037037,7,357.2166667,Desktop,16,0
68326272,1,0,0,0,0,0.9486111111,0,0,Desktop,42,0
73228920,0,0,0,0,0,0.3631944444,4,0.6333333333,Desktop,19,0
62107608,0,0,0,0,0,0,0,0,Desktop,41,0
55351704,1,0,0,0,0,0,0,0,mobile_Safari_IOS,80,0
43910712,0,0,0,0,0,0,0,0,mobile_Safari_IOS,121,0
60962976,5,0,0,0,0,0,0,0,Desktop,65,0
54971640,3,0,0,0,0,0.4576388889,0,0,Desktop,82,0
49180104,0,0,0,0,0,0,0,0,Desktop,107,0
38597808,1,0,0,0,0,1.025,2,0.08333333333,Desktop,27,0
22416672,7,0,0,0,0,0,0,0,Desktop,119,1
71695344,0,0,0,0,1,0.5699074074,2,29.46666667,Desktop,12,0
56956320,1,10,0,0,0,3.289259259,3,6.666666667,mobile_Safari_IOS,12,0
59801472,1,0,0,0,0,1.567222222,0,0,Desktop,39,0
24905736,0,0,0,0,0,0,0,0,Desktop,208,0
39386352,0,0,0,0,0,0,0,0,Desktop,131,0
70877496,1,24,0,0,0,0.9080555556,0,0,Desktop,31,0
74877936,8,205,0,0,0,0.933627451,3,5.4,Desktop,13,0
23137728,3,0,0,0,0,0.46625,0,0,mobile_Safari_IOS,221,0
67811232,0,0,0,0,0,0,0,0,Desktop,43,0
74547600,6,49,13,2,3,0.4961728395,5,228,Desktop,8,0
63273552,3,0,0,0,0,0,2,63.83333333,Desktop,57,1
54481464,0,0,0,0,0,0,0,0,Desktop,84,0
45633432,0,0,0,0,0,0,0,0,Desktop,118,0
77539272,1,73,0,1,2,0.31625,2,136.6833333,Desktop,6,0
61038456,2,11,0,0,0,0.4986111111,0,0,Desktop,29,0
52580256,1,16,1,0,0,0.3197222222,2,24.78333333,Desktop,90,0
45257808,8,0,0,0,0,0,1,1.266666667,Desktop,119,0
24664200,1,10,8,0,8,0.5836111111,1,32.66666667,Desktop,131,0
70874832,0,0,0,0,0,0,0,0,Desktop,31,1
70940544,3,72,1,0,6,0.6875925926,5,161.1166667,mobile_Safari_IOS,28,0
61301304,0,0,0,0,0,0,0,0,Desktop,64,0
57751080,0,0,0,0,0,0,0,0,Desktop,73,0
67551936,7,179,9,0,9,58.14191919,4,93.6,Desktop,11,0
23434320,5,0,0,0,0,0,0,0,Desktop,218,0
77693784,10,145,18,6,18,0.9823765432,3,363.9833333,Desktop,6,0
47461824,2,51,60,0,0,1.017277778,4,177.8333333,mobile_Safari_IOS,53,0
42180000,0,0,0,0,0,0,0,0,Desktop,121,0
47269128,0,0,0,0,0,0,0,0,Desktop,114,0
41523768,1,26,0,0,0,0.6046296296,0,0,Desktop,120,0
76884816,7,609,0,0,0,0.7505902778,6,129.05,Desktop,6,0
52555392,3,20,0,2,3,0.6274074074,2,133.7333333,Desktop,65,0
65501544,2,45,0,0,0,0.9068055556,1,33.95,Desktop,26,0
28362720,8,304,0,0,0,5.006851852,6,345.0333333,mobile_Safari_IOS,48,0
39354384,6,316,0,0,0,1.746085859,0,0,Desktop,121,0
59366352,4,31,1,0,3,0.5904166667,2,55.31666667,Desktop,6,0
56524752,3,121,1,0,0,1.877685185,4,40.21666667,Desktop,48,0
74020128,4,164,0,14,0,1.36797619,3,75.16666667,Desktop,17,0
57006936,1,24,0,0,0,0.9436111111,2,47.96666667,mobile_Chrome_IOS,52,0
46501008,0,0,0,0,0,0.7966666667,0,0,Desktop,16,0
32223744,4,0,0,0,0,0,0,0,Desktop,161,0
31965336,0,0,0,0,0,0,0,0,Desktop,147,0
46540080,0,0,0,0,0,0,0,0,Desktop,116,0
55250472,5,17,2,0,3,0.7165277778,4,143.3,Desktop,79,0
75385872,7,118,0,0,6,0.8025854701,4,206.25,Desktop,7,0
61866072,1,0,0,0,0,0,1,1.316666667,mobile_Chrome_Android,61,0
68899920,0,0,0,0,0,1.317777778,1,6.783333333,Desktop,22,1
54857976,0,0,0,0,0,0,0,0,Desktop,83,0
60536736,8,158,3,0,4,0.5774305556,4,44.81666667,Desktop,63,0
43816584,4,0,0,0,0,0,0,0,Desktop,119,0
26635560,2,40,2,0,6,0.4803968254,4,54.08333333,Desktop,122,0
45310200,0,0,0,0,0,0,0,0,Desktop,118,1
41516664,3,0,0,0,0,0,0,0,Desktop,122,0
41331072,4,28,0,0,0,0.4890277778,2,38,Desktop,8,0
36792504,0,0,0,0,0,0,0,0,mobile_Safari_IOS,133,0
23825040,5,0,0,0,0,4.770277778,0,0,mobile_Chrome_Android,53,0
51078648,0,0,0,0,0,0,2,0.4333333333,Desktop,25,0
52784496,0,0,0,0,0,0,0,0,Desktop,90,0
26885088,0,0,0,0,0,0,0,0,mobile_Safari_IOS,192,0
23213208,5,104,0,0,0,0.8317361111,0,0,Desktop,216,0
43133712,0,0,0,0,0,0,0,0,Desktop,93,0
70843752,0,0,0,0,0,0.2066666667,0,0,mobile_other_Android,27,0
57580584,0,0,0,0,0,0,0,0,Desktop,73,0
53626320,2,0,0,0,0,0.5818055556,0,0,Desktop,86,0
76155768,1,283,0,0,0,2.538472222,1,0.1666666667,Desktop,8,0
22499256,3,45,20,0,10,0.2877222222,4,87.73333333,Desktop,8,0
23225640,0,0,0,0,0,0.4693055556,0,0,Desktop,221,0
23105760,0,0,0,0,0,0,0,0,Desktop,182,1
23096880,9,143,0,0,0,1.226369048,3,31.75,Desktop,12,0
39478704,0,0,0,0,0,0,0,0,Desktop,127,0
35368152,0,0,0,0,0,0,0,0,Desktop,27,1
56257464,6,0,0,0,0,0,0,0,mobile_Safari_IOS,73,0
44876856,0,0,0,0,0,0,1,0,Desktop,115,0
46135152,0,0,0,0,0,0.3633333333,0,0,Desktop,117,0
51959544,0,0,0,0,0,0,0,0,Desktop,78,0
28435536,2,74,0,0,0,0.6306481481,3,13.46666667,Desktop,30,0
35092872,1,0,0,0,0,0.5206944444,0,0,Desktop,152,0
67840536,0,0,0,0,0,0,0,0,Desktop,39,0
23872104,2,57,0,0,0,0.972962963,0,0,Desktop,122,1
59289096,0,0,0,0,0,0,2,0.6166666667,Desktop,64,0
74928552,3,30,0,0,0,1.096805556,0,0,Desktop,13,0
47460936,3,17,0,0,1,0.4998148148,1,16.65,Desktop,107,0
50078760,0,0,0,0,0,0,0,0,Desktop,103,0
43262472,0,0,0,0,0,0,0,0,mobile_Safari_IOS,119,0
43609680,0,0,0,0,0,0.3127777778,0,0,Desktop,120,0
44503008,1,0,0,0,0,0.5975,0,0,Desktop,120,0
51599904,5,227,6,0,0,1.394388889,3,22.5,App_android,9,0
47899608,0,0,0,0,0,0,0,0,Desktop,108,0
75711768,2,0,0,0,0,0.3443333333,0,0,Desktop,10,0
55991952,8,361,1,4,3,1.221018519,5,191.55,Desktop,29,1
45375024,0,0,0,0,0,0,0,0,Desktop,118,0
67603440,2,57,1,0,1,0.9819444444,1,5.633333333,Desktop,40,0
54007272,3,30,0,0,0,0.7867063492,0,0,Desktop,86,0
55214952,0,0,0,0,0,0.2047222222,0,0,mobile_Safari_IOS,26,1
38994744,3,0,0,13,15,0.3441666667,2,138.45,Desktop,40,0
71357904,0,0,0,0,0,0,0,0,Desktop,28,0
41007840,1,28,0,0,0,0,0,0,Desktop,27,0
76662816,0,0,0,0,0,0,0,0,Desktop,8,0
42539640,6,57,2,0,2,4.709444444,6,73.31666667,Desktop,65,0
58902816,1,0,0,0,0,1.960833333,2,3.666666667,mobile_Chrome_IOS,52,0
30937032,0,0,0,0,0,0.4636111111,0,0,Desktop,136,1
75115920,1,0,0,0,0,0.5304166667,0,0,Desktop,12,0
30596928,0,0,0,0,0,0,0,0,mobile_Chrome_IOS,104,0
65931336,0,0,4,0,4,0.3502777778,1,46.68333333,Desktop,33,0
73775040,2,96,0,0,0,1.397166667,5,155.5166667,Desktop,17,0
75031560,3,50,1,0,0,1.745648148,3,34,Desktop,10,0
42833568,1,0,0,0,0,0,0,0,Desktop,121,0
34733232,0,0,0,0,0,0,0,0,mobile_Chrome_Android,151,0
41395896,0,0,0,0,0,0,0,0,Desktop,123,0
58993392,0,0,0,0,0,0,0,0,Desktop,59,0
67486224,0,0,0,0,0,0,0,0,Desktop,44,0
67878720,2,120,0,0,0,1.714444444,2,1.9,Desktop,42,0
62017032,4,0,0,0,0,0,0,0,Desktop,62,0
43894728,0,0,0,0,0,0,0,0,Desktop,121,1
77177856,2,6,0,0,1,0.4759722222,3,51.28333333,mobile_Chrome_IOS,6,0
45092640,3,0,6,0,4,0,1,16.78333333,Desktop,119,0
66416184,0,0,0,0,0,0,0,0,mobile_Safari_IOS,46,0
69385656,7,60,2,0,2,0.5930864198,3,55,Desktop,35,0
60105168,4,0,0,0,0,0,0,0,Desktop,63,0
26587608,1,10,0,0,0,0.4161111111,0,0,Desktop,92,0
38275464,1,28,0,1,1,0.2843055556,1,32.7,Desktop,41,0
24646440,1,0,0,0,0,0.5603888889,0,0,mobile_Safari_IOS,13,0
48427968,2,20,0,0,0,0.6338888889,1,46.38333333,mobile_Safari_IOS,106,0
36629112,0,0,0,0,0,0,0,0,Desktop,146,0
33043368,0,0,0,0,0,0,0,0,Desktop,119,1
27813048,0,0,0,0,0,0,0,0,mobile_other_Android,185,0
29842128,0,0,0,0,0,0,0,0,mobile_Chrome_Android,172,0
41641872,0,0,0,0,0,0,0,0,Desktop,122,0
50460600,2,25,0,0,0,0.5008333333,2,2.266666667,Desktop,94,0
40283232,0,0,0,0,0,0,0,0,Desktop,96,0
67611432,0,0,0,0,0,0,0,0,Desktop,44,0
39365040,1,0,0,0,0,0,0,0,Desktop,131,0
22497480,4,89,0,0,4,0.3889814815,3,18.6,mobile_Chrome_Android,71,0
40800048,5,10,0,0,0,1.508888889,0,0,Desktop,106,0
65643624,0,0,0,0,0,0,0,0,Desktop,52,0
62212392,0,0,0,0,0,0,0,0,Desktop,63,0
69826104,0,0,0,0,0,0,0,0,mobile_Chrome_Android,35,0
22082784,2,90,0,0,0,1.461388889,0,0,mobile_Safari_IOS,158,0
72560256,0,0,0,0,0,0,0,0,Desktop,23,0
75379656,4,30,0,16,19,0.55375,3,276.0333333,Desktop,10,0
61944216,0,0,0,0,0,0,0,0,Desktop,62,1
33303552,3,50,2,2,7,1.140925926,4,136.1666667,Desktop,142,0
24270816,7,139,0,0,0,1.170902778,0,0,mobile_Safari_IOS,213,0
41220960,0,10,3,0,3,0.4765277778,2,80.46666667,Desktop,75,0
76701888,1,10,0,0,0,0.8380555556,0,0,Desktop,8,0
66052992,0,0,0,0,0,0,0,0,Desktop,48,0
60203736,6,195,9,0,0,1.064340278,2,32.68333333,Desktop,13,0
56046120,0,0,0,0,0,0,0,0,Desktop,77,0
33079776,1,0,0,0,0,0,0,0,Desktop,156,0
41323968,1,0,0,0,0,0,0,0,mobile_Chrome_IOS,123,0
68892816,1,39,0,0,4,0.4183333333,5,44.35,Desktop,36,0
39484032,6,160,0,0,0,0.5204166667,6,98.38333333,Desktop,58,0
44562504,0,0,0,0,0,0,0,0,Desktop,114,0
69420288,1,29,0,0,0,0.5860185185,0,0,Desktop,35,0
23239848,6,0,0,0,0,0,0,0,Desktop,108,0
67226040,5,0,0,0,0,0,0,0,Desktop,44,0
49805256,2,20,0,0,0,0.6776851852,0,0,Desktop,104,0
76697448,1,9,0,0,0,0.3358333333,0,0,Desktop,8,0
68048328,0,0,0,0,0,0,0,0,Desktop,40,0
21880320,0,0,0,0,0,0,0,0,Desktop,231,0
74595552,7,269,0,0,0,24.89918803,5,16.38333333,Desktop,13,0
60986952,11,0,0,0,0,0.7852777778,0,0,Desktop,25,0
49974864,0,0,0,0,0,0.3007407407,0,0,Desktop,102,0
42128496,4,0,0,0,0,0.912037037,1,1.25,Desktop,121,0
64398648,2,30,0,0,7,1.071180556,4,109.5666667,Desktop,55,0
77039328,5,31,0,0,0,30.09722222,5,355.3333333,Desktop,7,0
51781944,5,329,0,0,0,1.889419192,0,0,Desktop,96,0
28043928,2,0,0,0,0,0,0,0,Desktop,185,0
31155480,2,67,1,0,0,1.015833333,1,26.11666667,Desktop,38,0
75542160,1,0,0,0,0,0.5463888889,1,0.15,App_IOS,9,0
41335512,5,248,0,0,13,1.240138889,3,54.45,Desktop,123,0
66131136,0,180,0,0,0,2.720833333,1,2.633333333,Desktop,50,0
51147912,1,0,0,0,0,2.156388889,2,6.2,Desktop,35,0
42201312,3,0,0,0,0,0,0,0,Desktop,118,0
57070872,0,0,0,0,0,0,0,0,Desktop,26,0
73919784,0,9,1,3,4,1.1525,1,117.3666667,Desktop,14,0
32762760,4,59,0,0,0,0.9327777778,1,0.2166666667,Desktop,157,0
48842664,6,87,1,0,0,1.015509259,2,56.36666667,Desktop,107,0
77014464,0,46,0,0,0,0.3838888889,1,25.5,Desktop,7,0
60616656,1,10,0,0,0,2.0575,1,8.55,Desktop,35,0
40924368,0,0,0,0,0,0,0,0,Desktop,125,0
33315984,7,0,0,0,0,0.375,0,0,Desktop,157,0
64502544,1,40,0,0,0,0.2840277778,1,0.8833333333,Desktop,51,0
68677920,1,0,0,0,0,0.6997222222,0,0,Desktop,40,0
35508456,0,21,0,0,5,0.5158333333,2,16.73333333,Desktop,139,0
63798360,2,21,0,0,0,0.8470833333,0,0,Desktop,57,1
46588920,3,141,0,0,0,2.354166667,2,11.53333333,Desktop,31,0
57701352,0,0,0,0,0,0,0,0,Desktop,74,0
53767512,0,0,0,0,0,0,0,0,Desktop,81,0
39529320,0,0,0,0,0,0,0,0,Desktop,130,0
70181304,0,0,0,0,0,0,2,2.083333333,Desktop,34,0
60355584,0,0,0,0,0,0,0,0,Desktop,66,0
60106056,0,0,0,0,0,0.3297222222,0,0,Desktop,68,0
49922472,2,19,0,0,0,1.273263889,0,0,Desktop,71,0
75243792,0,0,0,0,0,0.81,0,0,Desktop,12,0
54140472,3,163,0,5,6,1.001851852,5,596.9333333,Desktop,7,0
60311184,0,0,0,0,0,0,0,0,mobile_Safari_IOS,67,0
57812352,0,0,0,0,0,0,0,0,Desktop,70,0
36939024,3,30,0,0,0,0.6762222222,1,25.73333333,Desktop,144,0
25942920,0,0,0,0,0,0,0,0,Desktop,202,0
38768304,0,0,0,0,0,0,0,0,Desktop,133,0
53226720,4,153,33,0,31,0.694537037,4,151.4833333,Desktop,81,0
75452472,13,254,6,4,17,0.9255555556,7,381.2,mobile_Safari_IOS,7,0
53542848,2,72,0,0,1,0.6105555556,2,21.35,Desktop,85,0
52203744,2,0,0,0,0,0.7767592593,0,0,Desktop,77,0
62724768,5,69,0,0,0,0.9595634921,4,182.7166667,mobile_Chrome_IOS,60,0
41026488,0,0,0,0,0,10.26361111,2,0.1166666667,Desktop,36,0
57557496,0,0,0,0,0,1.123842593,3,27.83333333,Desktop,71,0
42283008,0,56,0,0,0,5.495925926,0,0,Desktop,121,0
39513336,3,29,2,0,4,0.8330555556,4,65.13333333,Desktop,126,0
43968432,5,152,0,0,0,0.8840656566,0,0,Desktop,120,0
45866976,5,323,34,0,34,13.28706349,5,1827.033333,Desktop,8,0
44537640,3,23,0,0,0,0.6304761905,0,0,Desktop,119,0
71973288,8,157,0,1,1,5.739294872,2,25.25,Desktop,14,1
23200776,4,63,0,0,0,0.4704012346,1,4.333333333,mobile_Chrome_IOS,92,1
23444976,0,0,0,0,0,0,0,0,Desktop,220,0
52789824,0,0,0,0,0,0.4547222222,0,0,Desktop,23,0
57784824,0,0,0,0,0,0,0,0,mobile_Safari_IOS,69,0
65647176,4,49,0,0,0,0.6325,2,15.35,Desktop,52,0
57234264,0,0,0,0,1,0.6033333333,2,26.98333333,App_android,16,0
36529656,1,19,0,0,0,0.3672222222,1,14.63333333,Desktop,146,0
47077320,2,20,0,0,0,1.11375,0,0,Desktop,73,0
32411112,2,0,0,0,0,0.6511111111,0,0,Desktop,159,0
64174872,0,0,0,0,0,0,0,0,Desktop,57,0
35708256,0,0,0,0,0,0,0,0,Desktop,150,1
34343400,4,0,2,5,5,0,5,49.2,Desktop,60,1
70699008,1,0,0,0,0,0,0,0,Desktop,31,0
71604768,0,0,0,0,0,0.6261111111,2,1.2,Desktop,19,0
66461472,6,134,0,8,6,1.052606838,4,208.85,mobile_Safari_IOS,32,0
69470016,0,0,0,0,0,0,0,0,Desktop,37,0
68615760,0,0,0,0,0,0,0,0,mobile_Safari_IOS,41,0
49701360,0,0,0,0,0,0,0,0,Desktop,99,0
41391456,2,0,0,0,0,0,0,0,Desktop,123,0
25214760,4,138,0,0,0,1.512256944,0,0,Desktop,206,0
25795512,2,0,0,0,0,0,0,0,Desktop,121,1
57082416,6,180,0,0,0,0.728912037,0,0,Desktop,75,0
42532536,6,184,0,0,0,1.280617284,0,0,Desktop,50,0
61172544,0,0,0,0,0,0,0,0,Desktop,41,0
76265880,2,20,1,0,2,1.269027778,2,25.95,Desktop,7,0
22866000,5,0,0,0,0,8.365833333,2,0.1166666667,Desktop,194,0
54966312,13,136,2,0,0,0.9572800926,2,59.05,Desktop,69,0
44344056,0,0,0,0,0,0,0,0,Desktop,119,0
42531648,2,0,0,0,0,0,0,0,Desktop,122,0
71528400,0,0,0,0,0,0,0,0,Desktop,27,0
73085064,0,0,0,0,0,0,0,0,Desktop,21,0
71819664,6,51,0,0,1,1.514861111,3,66.95,Desktop,27,1
35980872,3,25,0,0,0,9.7275,1,4.2,Desktop,53,0
22353624,0,0,0,0,0,0.5182407407,0,0,Desktop,23,0
71716656,2,63,0,0,0,0.6300925926,2,4.316666667,Desktop,26,1
75341472,3,22,0,0,0,0.6819444444,0,0,Desktop,8,0
46252368,6,0,0,0,0,2.776388889,0,0,Desktop,78,0
52621104,5,157,6,0,6,0.8540079365,5,183.6,Desktop,91,1
32479488,2,86,0,0,0,3.548611111,1,9.816666667,Desktop,161,0
39217632,1,10,0,0,0,0.3925,2,0.3166666667,Desktop,113,0
41743992,4,98,0,0,1,0.4497222222,3,303.2833333,mobile_Chrome_Android,6,0
73551264,0,0,0,0,0,0,0,0,Desktop,17,0
61216056,0,0,0,0,0,0,0,0,Desktop,55,0
46414872,0,0,0,0,0,1.681666667,0,0,Desktop,112,0
76003920,3,37,0,3,3,2.158388889,2,80.61666667,Desktop,9,0
30002856,2,20,0,0,0,0.6787962963,0,0,Desktop,166,0
72659712,2,18,0,0,0,0.5759722222,0,0,Desktop,22,0
57671160,3,0,0,0,0,0.4430555556,0,0,Desktop,74,0
24649104,2,0,0,0,0,0,0,0,Desktop,209,0
61378560,0,0,0,0,0,0,0,0,mobile_Chrome_Android,63,0
39967104,0,0,0,0,0,0,0,0,Desktop,98,0
67289976,3,0,0,0,0,0.8176388889,0,0,mobile_Chrome_IOS,38,0
52185984,1,10,0,0,0,6.725,0,0,Desktop,92,0
29946024,4,178,0,0,17,0.9197222222,6,189,mobile_Chrome_Android,96,0
59970192,2,105,0,0,0,1.667083333,2,14.46666667,mobile_Safari_IOS,61,0
32861328,0,0,0,0,0,0,0,0,Desktop,159,0
54587136,1,17,0,0,0,0.2775,2,41.68333333,mobile_Safari_IOS,52,0
70300296,0,0,0,0,0,0,6,26.25,Desktop,32,0
52286328,3,44,2,0,3,0.6532291667,2,48.51666667,Desktop,92,0
24453744,0,0,0,0,0,0,0,0,mobile_Chrome_IOS,212,0
55905816,0,10,0,0,0,0,0,0,Desktop,77,0
28276584,7,0,0,0,0,0,0,0,Desktop,179,1
34806936,1,19,7,0,12,1.527847222,4,97.2,Desktop,118,0
56543400,1,0,0,0,0,0,1,25.18333333,Desktop,7,0
63826776,0,0,0,0,0,0,0,0,Desktop,57,0
31360608,7,224,0,0,0,1.875576923,1,5.6,Desktop,122,0
41220072,1,0,21,0,24,0.5698148148,5,375.2833333,Desktop,121,0
45002952,4,0,0,0,0,0,0,0,Desktop,118,0
61183200,0,0,0,0,0,0,0,0,Desktop,64,0
41185440,2,57,0,0,0,0.6254861111,0,0,Desktop,121,0
66688800,5,209,0,0,0,5.166055556,3,69.2,Desktop,33,0
60743640,9,505,4,0,0,2.24745614,2,69.73333333,Desktop,63,0
58679040,0,0,0,0,0,0,1,0.01666666667,App_android,48,0
68637072,0,0,0,0,0,0,0,0,Desktop,41,0
58731432,1,32,1,0,0,3.326111111,3,8.016666667,Desktop,70,0
75684240,1,45,0,1,1,2.398611111,6,235.5333333,Desktop,7,0
66999600,5,64,0,0,10,0.5898989899,3,80.31666667,Desktop,45,0
35399232,0,0,0,0,0,0,0,0,Desktop,151,0
70215936,0,0,0,0,0,0,0,0,Desktop,33,0
39194544,0,0,0,0,0,0,0,0,Desktop,105,0
41442960,0,0,0,0,0,0,0,0,Desktop,123,0
51282000,5,39,0,0,0,0,1,1.016666667,Desktop,90,0
43210968,5,20,0,0,0,0.5323263889,0,0,Desktop,37,0
25590384,3,0,0,0,0,0,4,40.58333333,Desktop,187,0
46687488,0,0,0,0,0,0,0,0,Desktop,115,0
75084840,4,66,0,0,2,0.4289197531,3,111.75,Desktop,11,0
23063136,5,159,0,0,0,1.13224537,3,55.3,mobile_Safari_IOS,99,0
75732192,0,0,0,1,2,2.861944444,3,76.13333333,mobile_Safari_IOS,8,0
48468816,13,180,7,0,0,1.06191358,6,163.9833333,Desktop,17,0
47001840,0,0,0,0,0,0,1,0.7833333333,Desktop,113,0
71209608,4,2,0,0,0,0.4101851852,0,0,Desktop,30,0
50663064,2,84,0,0,0,1.900740741,3,13.95,Desktop,80,0
22796736,2,0,0,0,0,0,0,0,Desktop,223,0
32686392,0,0,0,0,0,0,0,0,Desktop,160,0
47931576,1,0,2,0,16,0,5,431.3666667,Desktop,26,1
53687592,6,60,12,0,12,0.5091666667,1,155.9666667,Desktop,71,0
41849664,4,50,0,0,0,1.033730159,0,0,Desktop,121,0
66077856,0,0,0,0,0,0,0,0,Desktop,49,0
42633768,2,76,0,0,0,1.506111111,0,0,Desktop,122,0
31681176,0,0,0,0,0,0,0,0,mobile_Chrome_Android,165,0
64487448,0,0,0,0,0,0,0,0,mobile_Safari_IOS,56,0
71315280,2,36,0,0,0,0.2904761905,1,2.616666667,Desktop,28,1
39972432,0,0,0,0,0,0,0,0,Desktop,121,0
66329160,0,0,0,0,0,0,0,0,Desktop,42,0
57673824,1,0,1,0,0,0,2,26.96666667,Desktop,66,0
68664600,0,0,0,0,0,0,0,0,Desktop,40,0
49275120,0,0,0,0,0,0,0,0,mobile_Safari_IOS,99,0
25780416,7,94,4,0,6,0.7139141414,6,198.7666667,Desktop,9,0
68534952,5,96,0,1,1,82.02494792,4,51.15,Desktop,19,0
46771848,6,46,0,0,0,0.4708333333,4,165.3,Desktop,71,0
36114960,1,72,0,0,0,0.9969444444,1,30.83333333,mobile_Chrome_IOS,67,0
22210656,1,16,0,0,0,0.5509722222,0,0,Desktop,216,0
68138016,0,0,0,0,0,0,0,0,Desktop,42,0
28069680,10,58,0,0,0,0.4601587302,0,0,Desktop,112,0
66544056,7,195,0,0,0,0.6850308642,0,0,App_IOS,30,0
45505560,0,0,0,0,0,0,0,0,Desktop,118,0
56423520,0,0,0,0,0,0,0,0,Desktop,76,0
42322968,1,20,0,0,4,1.209944444,1,45.93333333,Desktop,8,0
66151560,8,112,1,0,1,1.385992063,2,39.98333333,Desktop,50,0
73735968,1,67,0,0,0,1.999166667,1,19.65,Desktop,17,0
45187656,4,0,0,0,0,0,0,0,Desktop,119,0
40193544,7,0,1,0,1,0.1947222222,1,15.03333333,Desktop,120,0
56652624,0,0,0,0,0,0,1,0.01666666667,App_android,72,0
58871736,0,0,0,0,0,0,0,0,Desktop,24,0
76094496,2,45,4,0,5,1.374537037,3,175.1666667,App_Android,8,0
36415104,0,0,0,0,0,0,0,0,mobile_Safari_IOS,145,0
35892960,4,50,0,0,0,0.5325,0,0,mobile_Chrome_IOS,149,0
63461808,0,0,0,0,0,0,0,0,Desktop,58,0
43834344,0,0,0,0,0,0,0,0,Desktop,111,0
30390912,3,27,0,0,0,0.4272916667,0,0,Desktop,170,0
39260256,0,0,0,0,0,0,0,0,mobile_Safari_IOS,133,0
77134344,6,125,1,0,3,0.84875,5,124.35,mobile_Safari_IOS,7,0
31372152,0,0,0,0,0,0,0,0,Desktop,166,0
39280680,1,16,9,0,5,0.5759259259,3,63.31666667,Desktop,132,0
60035016,0,0,0,0,0,1.169166667,0,0,Desktop,67,0
77031336,3,179,0,0,0,0.8380555556,1,155.6,Desktop,7,0
46664400,5,90,0,0,0,0.2720833333,1,0.2166666667,Desktop,111,0
76047432,3,6,0,0,0,0.5372777778,5,51.91666667,Desktop,9,0
63019584,4,30,0,0,0,0.5905,3,23.23333333,Desktop,58,0
70865064,0,0,0,0,0,0,0,0,Desktop,31,0
61087296,0,0,0,0,0,0,0,0,Desktop,65,0
34686168,3,30,0,0,0,0.6094444444,1,4.383333333,Desktop,58,0
61800360,1,45,0,0,0,1.553888889,1,12.83333333,Desktop,64,0
59217168,0,0,0,0,0,0,0,0,Desktop,68,0
55512432,0,0,0,1,0,0.5061111111,1,11.48333333,mobile_Chrome_Android,45,0
68891040,1,0,0,0,0,0.1711111111,0,0,Desktop,38,0
76972728,6,29,0,0,2,0.5090277778,2,222.85,Desktop,6,0
45153912,6,0,0,0,0,0.9475,0,0,Desktop,119,0
25502472,0,0,0,0,0,0,0,0,Desktop,205,0
22053480,1,25,1,0,4,1.306888889,4,37.26666667,Desktop,228,0
39842784,0,0,0,0,0,0,0,0,Desktop,127,0
41228952,0,0,0,0,0,0,0,0,Desktop,120,1
22522344,0,0,1,0,1,0.4983333333,1,25.73333333,Desktop,121,0
61654728,0,0,0,0,0,0.4625,0,0,Desktop,56,0
44664624,2,17,0,0,0,0.5252777778,2,4.083333333,Desktop,120,0
22266600,0,0,0,0,0,0,0,0,Desktop,224,0
59674488,13,376,2,0,2,1.124126984,3,25.03333333,Desktop,69,0
44914152,5,41,0,8,8,0.6686111111,6,88.5,Desktop,79,0
72727200,0,0,0,0,0,0.3119444444,0,0,Desktop,7,0
61223160,10,260,2,0,1,0.9199814815,5,23.81666667,Desktop,34,0
71237136,0,0,0,0,0,0,3,0.9,Desktop,26,1
31498248,7,0,0,0,0,0,0,0,Desktop,166,0
63832104,0,0,0,0,0,0,1,0.7833333333,Desktop,57,0
69457584,3,40,0,0,0,0.6386574074,2,82.41666667,Desktop,37,0
47563944,5,173,0,0,0,3.169662698,0,0,Desktop,113,0
55708680,2,20,0,0,0,0.8880555556,0,0,Desktop,79,0
23454744,0,0,0,0,0,0,0,0,Desktop,218,0
71111928,10,51,0,0,0,1.911972222,0,0,Desktop,11,0
35274024,4,40,0,0,1,0.4512698413,2,27.53333333,Desktop,85,0
23216760,5,0,0,0,0,0.5062301587,0,0,mobile_Chrome_Android,17,0
35933808,0,0,0,0,0,0,0,0,Desktop,141,0
47765520,0,0,0,0,0,0,0,0,Desktop,109,0
74374440,4,36,1,8,8,0.6386111111,5,441.6833333,Desktop,11,0
63498216,2,0,0,0,0,0.5785185185,0,0,Desktop,58,1
74987160,1,0,0,0,0,1.948888889,1,0.05,Desktop,12,0
63314400,3,185,0,7,5,0.8069444444,2,95.33333333,mobile_Safari_IOS,6,0
38869536,6,43,0,0,0,2.885,1,0.2666666667,Desktop,96,0
64856856,5,9,0,0,0,0.7575,0,0,Desktop,54,1
23814384,0,0,0,0,0,0,2,0.2,Desktop,30,0
24015072,3,65,0,0,1,1.167222222,5,92.41666667,Desktop,128,0
72983832,3,90,0,0,0,0.7587962963,3,114.7166667,Desktop,14,0
71564808,1,140,0,0,0,0.1722222222,0,0,mobile_Chrome_Android,27,1
49331064,10,49,74,0,0,1.031583333,5,49.85,Desktop,106,0
56170440,3,172,0,3,2,0.643234127,5,126.3833333,Desktop,16,0
55729992,8,67,0,0,2,0.5692901235,2,67.88333333,Desktop,31,0
56445720,0,0,0,0,0,0,0,0,Desktop,30,0
60944328,0,0,0,0,0,0,0,0,Desktop,65,0
41682720,3,0,0,0,0,0,0,0,mobile_Safari_IOS,121,0
74905464,3,27,0,0,0,0.5395833333,0,0,Desktop,13,0
50262576,4,24,0,0,0,0.5931111111,1,6.55,Desktop,29,1
32572728,1,0,0,0,0,0,0,0,Desktop,154,0
73293744,0,0,0,0,0,0,0,0,Desktop,20,0
32908392,0,0,0,0,0,0,0,0,Desktop,158,0
65846976,0,0,0,0,0,0,0,0,mobile_Safari_IOS,51,1
70116480,0,0,0,0,0,0,0,0,mobile_Safari_IOS,33,0
54129816,0,0,0,0,0,0,0,0,Desktop,85,0
62887272,2,0,0,0,0,0,0,0,mobile_Chrome_IOS,60,0
58789152,0,0,0,0,0,0,0,0,Desktop,68,0
24360504,7,0,0,0,0,0.4183333333,0,0,Desktop,213,0
31070232,0,0,0,0,0,0,0,0,Desktop,131,0
40879080,2,4,0,0,0,0.4727777778,1,0.5833333333,Desktop,82,0
30629784,1,18,0,0,0,0.4172222222,1,36.55,Desktop,162,0
32237064,5,0,0,0,0,0,0,0,Desktop,118,0
53089968,0,39,2,1,1,1.266111111,1,15.76666667,Desktop,24,0
41739552,4,0,0,0,0,0,0,0,Desktop,121,1
75302400,4,31,2,0,3,0.6351984127,4,81.41666667,Desktop,11,0
73283088,0,0,0,0,0,0,0,0,App_Android,17,0
53011824,2,0,0,0,0,0,0,0,Desktop,88,0
74305176,4,30,0,2,2,0.5577777778,1,101.8,Desktop,14,0
76194840,6,295,25,0,0,2.252070707,5,240.5333333,Desktop,8,0
42666624,0,0,0,0,0,0,0,0,Desktop,122,0
30321648,0,0,0,0,0,0,0,0,Desktop,84,0
50822904,0,0,0,0,0,0,0,0,Desktop,99,0
22937928,3,30,0,0,0,0.5437962963,0,0,mobile_Chrome_Android,130,0
27850344,1,15,0,0,3,1.039212963,1,16.65,mobile_Chrome_IOS,20,0
45541080,1,0,0,0,0,1.848333333,0,0,Desktop,60,0
53087304,0,0,0,0,0,0.6511111111,0,0,Desktop,81,0
60481680,2,0,0,0,0,0,1,4.05,App_android,36,0
71158104,1,0,0,0,0,1.305462963,1,1.333333333,Desktop,28,0
21539328,0,0,0,0,0,0,0,0,Desktop,128,0
57489120,5,59,0,0,0,1.701273148,0,0,Desktop,73,0
67614984,0,0,0,0,0,0,0,0,Desktop,44,0
77075736,1,93,4,0,3,0.9227777778,2,98.36666667,mobile_Chrome_Android,7,0
75658488,2,0,0,0,0,1.009166667,0,0,Desktop,11,0
44785392,0,0,0,0,0,0,0,0,Desktop,119,0
76345800,1,45,0,0,0,1.471574074,1,151.6166667,Desktop,9,0
22548984,1,10,0,0,0,0.7547222222,0,0,Desktop,179,0
64467024,4,0,0,0,0,2.083148148,4,10.51666667,Desktop,51,0
29450520,6,0,0,0,0,0,0,0,Desktop,79,0
44242824,0,0,0,0,0,0,0,0,mobile_Safari_IOS,97,0
27888528,1,34,0,0,0,0.675,0,0,mobile_Safari_IOS,184,0
46119168,2,33,0,0,0,0.5861805556,1,1.783333333,Desktop,74,0
50151576,4,37,0,0,0,0.6193055556,0,0,Desktop,102,0
65704896,0,0,0,0,0,0,0,0,Desktop,44,0
50830008,2,27,0,0,0,0.5547222222,0,0,Desktop,100,0
70840200,1,6,0,0,0,0.3347222222,1,0.9,mobile_Chrome_Android,32,1
74883264,4,40,0,0,0,0.6197619048,6,10.68333333,mobile_Safari_IOS,13,0
65563704,0,0,0,0,0,0,0,0,Desktop,51,0
26707488,0,0,0,0,0,0,0,0,Desktop,195,0
30669744,9,354,0,0,0,3.362638889,0,0,Desktop,170,0
68703672,0,0,0,0,0,0.3465972222,1,2.233333333,Desktop,40,0
35842344,0,0,0,0,0,0,0,0,mobile_Safari_IOS,142,0
31237176,2,11,0,0,0,1.017291667,4,39.8,Desktop,167,0
72491880,7,97,4,0,3,0.8298333333,7,577.85,Desktop,23,0
73909128,3,21,0,1,3,1.615185185,1,119.9,Desktop,17,0
23221200,3,22,0,0,0,0.7309444444,0,0,Desktop,206,0
32402232,0,0,0,0,0,0.1955555556,0,0,mobile_Chrome_Android,10,0
45624552,12,110,0,0,0,0.7269238683,0,0,Desktop,16,0
75871608,0,0,0,0,0,0,2,1.15,mobile_Safari_IOS,9,0
72031008,4,85,0,0,0,1.108293651,2,6.983333333,Desktop,26,0
59418744,0,0,0,0,0,0,0,0,Desktop,63,0
43729560,4,40,2,0,3,0.5351851852,5,25.76666667,mobile_Chrome_Android,121,0
27482712,3,160,0,0,0,0.9761111111,0,0,Desktop,84,0
51208296,1,0,0,0,0,0.5461111111,0,0,Desktop,97,0
31394352,0,0,0,0,0,0,0,0,Desktop,167,0
65701344,0,0,0,0,0,1.5375,0,0,Desktop,48,0
57089520,7,0,0,0,0,0,0,0,Desktop,75,0
71996376,4,23,0,0,0,0.79875,2,1.283333333,App_IOS,24,1
58852200,0,0,0,0,0,0,0,0,Desktop,71,0
69721320,4,33,8,0,4,0.4844791667,2,163.0333333,App_IOS,24,0
60246360,0,0,0,0,0,0,2,11.88333333,Desktop,66,0
60323616,0,0,0,0,0,0,0,0,mobile_Safari_IOS,63,0
70817112,0,0,0,0,0,0,0,0,Desktop,30,0
65455368,0,0,0,0,0,0,0,0,Desktop,52,0
47433408,5,25,0,3,3,2.211388889,3,250.9333333,Desktop,7,0
40911048,0,0,0,0,0,0,0,0,Desktop,117,0
45616560,4,0,0,0,0,0,0,0,Desktop,117,1
60662832,3,0,0,0,0,0,0,0,mobile_Safari_IOS,17,0
69834096,0,0,0,0,0,0,0,0,Desktop,29,0
21704496,4,0,0,0,0,0,0,0,Desktop,166,0
36771192,0,0,0,0,0,0,0,0,Desktop,20,0
76302288,4,52,0,0,0,14.26809524,2,27.88333333,Desktop,9,0
39991080,7,41,0,0,0,1.028869048,0,0,Desktop,129,0
72570024,8,49,0,1,0,1.215448718,6,208.7166667,Desktop,22,0
27884976,0,0,0,0,0,0,0,0,Desktop,186,0
69182304,0,0,0,0,0,0.4126388889,1,19.76666667,App_Android,34,0
69411408,5,35,0,10,10,3.543287037,3,65.41666667,Desktop,38,0
45495792,3,74,0,0,0,1.885416667,1,3.35,Desktop,108,0
71720208,7,260,0,0,0,0.741404321,3,52.6,Desktop,26,0
77583672,1,45,0,0,0,1.379722222,1,108.5166667,Desktop,6,0
29564184,0,0,0,0,0,0,0,0,Desktop,131,0
64489224,0,0,0,0,0,0,0,0,Desktop,56,0
76479888,24,588,1,0,0,0.6735416667,7,583.5,mobile_Safari_IOS,8,0
45191208,0,0,0,0,0,0,0,0,Desktop,119,1
62376672,9,231,0,0,0,6.533333333,7,173.0333333,Desktop,15,0
46165344,2,0,0,0,0,0,0,0,Desktop,117,0
50601792,3,34,0,0,0,0.4868888889,0,0,mobile_Chrome_Android,101,0
43230504,0,0,0,0,0,0,0,0,Desktop,120,0
74114256,9,36,8,0,0,0.6789814815,3,76.03333333,Desktop,14,0
39500016,0,0,0,0,0,0.1875925926,0,0,Desktop,118,0
31333080,4,28,0,0,0,0.7672777778,1,0.6166666667,mobile_Chrome_Android,95,0
65815008,0,0,0,0,0,0,0,0,Desktop,50,0
39957336,2,4,3,0,3,0.3131666667,1,59.16666667,Desktop,11,0
76907904,0,10,1,0,1,0.2744444444,3,92.41666667,Desktop,6,0
57516648,0,0,0,0,0,0,0,0,mobile_Safari_IOS,55,0
24551424,4,40,0,0,0,0.4052314815,0,0,Desktop,195,0
22973448,2,48,0,0,0,0.7228703704,0,0,Desktop,30,1
27004080,0,0,0,0,0,0,0,0,Desktop,192,0
23097768,0,0,0,0,0,0,0,0,Desktop,217,0
60533184,0,0,0,0,0,0,0,0,Desktop,65,0
50705688,0,0,0,0,0,0,0,0,Desktop,86,0
49339944,0,0,1,0,0,0,1,4.466666667,Desktop,72,0
69613872,0,0,0,0,0,0,0,0,Desktop,29,0
67580352,0,0,0,0,0,0,0,0,Desktop,45,0
61265784,0,0,0,0,0,0,0,0,Desktop,56,0
44176224,0,0,0,0,0,0,0,0,Desktop,119,1
45336840,8,210,0,0,0,0.7811481481,4,29.83333333,mobile_Safari_IOS,95,0
57366576,0,0,0,0,0,0,0,0,Desktop,64,0
42298992,0,0,0,0,0,0,0,0,Desktop,114,0
24760104,2,0,0,0,0,0,0,0,Desktop,201,0
48712128,0,10,0,0,0,0.5430555556,0,0,mobile_Safari_IOS,108,0
54459264,0,0,0,0,0,0,0,0,Desktop,69,0
61913136,1,45,0,0,0,1.194583333,0,0,Desktop,64,0
61198296,6,131,2,0,2,0.5803571429,3,44.7,Desktop,65,0
39445848,5,10,2,2,2,1.084555556,6,129.4333333,Desktop,131,0
29592600,0,0,0,0,0,0,0,0,Desktop,172,0
41453616,1,30,0,0,0,4.3475,0,0,Desktop,119,0
25247616,6,0,0,0,0,0,0,0,Desktop,151,1
55886280,2,15,0,0,0,0.5489351852,0,0,Desktop,70,0
64467912,4,161,0,0,0,0.9617460317,0,0,Desktop,12,0
57720000,0,0,0,0,0,0,0,0,Desktop,66,0
61941552,0,0,0,0,0,0,0,0,Desktop,41,0
66241248,0,0,0,0,0,0,0,0,Desktop,48,0
45021600,0,0,0,0,0,0,0,0,Desktop,118,1
60160224,2,10,0,0,0,0.6753703704,2,23.43333333,Desktop,12,0
64218384,0,0,0,0,0,0,0,0,Desktop,56,0
42782952,8,0,0,0,0,0,0,0,Desktop,122,0
75947088,1,10,1,0,1,1.011666667,1,40.8,Desktop,9,0
60452376,0,0,0,0,0,0,0,0,mobile_Chrome_Android,66,0
46480584,0,0,0,0,0,0,0,0,Desktop,115,0
67908912,0,0,0,0,0,1.106944444,0,0,Desktop,16,0
23513352,0,0,0,0,0,0,0,0,Desktop,219,0
71776152,7,56,0,6,6,13.16739899,2,133.95,Desktop,23,0
58882392,0,0,0,0,0,0,0,0,Desktop,59,0
63316176,2,20,0,0,0,0.4124074074,2,46.61666667,Desktop,24,0
26784744,3,51,0,0,0,0.919537037,1,0.01666666667,Desktop,189,0
27690504,4,80,0,0,0,0.82,1,2.033333333,Desktop,91,0
46546296,0,0,0,0,0,0,0,0,Desktop,115,0
41244936,2,0,0,0,0,0,0,0,mobile_Chrome_Android,121,0
42862872,8,79,0,0,0,1.156260684,0,0,Desktop,119,0
25478496,0,0,0,0,0,0,0,0,Desktop,205,0
52655736,1,0,0,0,0,0,1,0.65,Desktop,90,0
37846560,1,10,6,0,0,0.7365277778,7,30.6,mobile_Chrome_Android,119,0
26647104,0,0,0,0,0,0,0,0,Desktop,195,0
52332504,0,0,0,0,0,0,0,0,Desktop,92,0
41270688,0,0,0,0,0,0,0,0,Desktop,104,0
31439640,0,0,0,0,0,0,0,0,Desktop,164,0
68461248,1,45,3,0,2,0.6672222222,1,115.8,Desktop,23,0
43166568,1,10,0,0,0,0.6464814815,2,0.01666666667,mobile_Safari_IOS,120,0
64297416,0,0,0,0,0,0,1,9.733333333,Desktop,55,1
71887152,0,0,0,0,0,0,0,0,Desktop,25,0
67849416,8,209,2,0,1,1.250685185,1,35.56666667,Desktop,11,0
71023128,2,22,0,0,0,0.5352222222,0,0,Desktop,28,1
31379256,2,21,0,0,0,0.5372222222,0,0,Desktop,167,0
44723232,4,32,0,0,0,0.5847916667,0,0,Desktop,116,0
22667976,0,0,0,0,0,0,0,0,Desktop,45,0
68299632,0,0,0,0,0,1.339444444,0,0,Desktop,21,0
26894856,3,0,0,0,0,0,0,0,Desktop,193,0
43584816,0,0,0,0,0,0,0,0,Desktop,120,0
58138248,12,350,0,0,0,1.023722222,1,0.6333333333,App_android,61,0
46514328,0,0,0,0,0,0,0,0,Desktop,99,0
76225032,8,311,0,5,5,0.9186111111,6,436.45,Desktop,9,0
35541312,0,0,0,0,0,0,0,0,Desktop,86,1
45891840,0,0,0,0,0,0,0,0,Desktop,117,0
45290664,3,66,1,0,1,1.510902778,2,41.35,Desktop,49,0
52316520,5,41,0,0,0,1.993232323,1,0.25,Desktop,91,0
24282360,0,0,0,0,0,0,0,0,Desktop,176,0
57845208,0,0,0,0,0,0,0,0,mobile_Safari_IOS,67,0
45944232,0,0,0,0,0,0,0,0,Desktop,116,0
52553616,0,0,0,0,0,0,0,0,Desktop,91,0
76187736,3,124,0,0,0,0.9968402778,2,15.76666667,Desktop,8,0
31808160,0,0,0,0,0,0,0,0,Desktop,164,0
60850200,0,0,0,0,0,0,0,0,Desktop,66,0
45020712,4,25,0,0,0,0.3891666667,1,13.36666667,Desktop,61,0
40224624,2,28,0,0,0,0.6184722222,1,1.566666667,Desktop,128,0
44766744,0,0,0,0,0,0,0,0,Desktop,119,1
65591232,0,0,0,0,0,0.7255555556,0,0,Desktop,11,0
44638872,0,0,0,0,0,0,0,0,Desktop,120,0
70117368,0,0,0,0,0,0,0,0,Desktop,34,0
63398760,4,158,0,0,0,1.631825397,4,8.983333333,Desktop,59,0
36620232,3,0,0,0,0,0,0,0,Desktop,144,0
32494584,4,130,3,0,5,0.5310185185,4,124.75,Desktop,7,0
34026384,2,43,0,0,0,2.34375,2,33.4,Desktop,55,0
39009840,2,0,0,0,0,0,0,0,Desktop,132,0
61142352,0,0,0,0,0,0,0,0,Desktop,66,0
67767720,0,0,0,0,0,0,0,0,Desktop,44,0
28344072,0,0,0,0,0,0,0,0,Desktop,181,1
46635984,3,20,0,0,0,0.6021875,0,0,Desktop,114,0
30141384,0,0,0,0,0,0.28375,1,0.1,mobile_Chrome_Android,147,0
22699056,2,10,0,0,0,0.5086111111,0,0,Desktop,139,0
63744192,0,0,0,0,0,0,0,0,Desktop,57,1
51145248,0,0,0,0,0,0,0,0,Desktop,66,0
46147584,1,0,0,0,0,0,0,0,Desktop,113,0
59457816,0,0,0,0,0,0,0,0,Desktop,64,0
68179752,5,49,7,0,8,1.469801587,6,162.3166667,Desktop,29,0
36863544,7,28,0,0,0,0.3988425926,3,0.4333333333,Desktop,132,0
24993648,1,45,0,0,0,0.9725,1,1.55,Desktop,158,0
24240624,0,17,0,0,0,0.5806666667,2,9.8,mobile_Safari_IOS,214,0
35908944,3,0,0,0,0,0,0,0,mobile_Chrome_Android,133,0
71384544,5,336,0,0,0,1.623769841,2,2.75,Desktop,22,0
31193664,3,135,0,0,0,0.6536574074,1,0.15,Desktop,62,0
23326872,1,0,0,0,0,0,0,0,Desktop,211,1
72895920,0,0,0,0,0,0,0,0,Desktop,22,0
68030568,3,0,0,0,0,0.4880555556,0,0,Desktop,43,0
51432072,4,30,0,0,0,1.375381944,1,0.9833333333,Desktop,96,0
42615120,0,0,0,0,0,0,0,0,Desktop,120,0
34572504,0,0,0,0,0,0,0,0,App_android,147,1
56140248,0,0,0,0,0,0,0,0,mobile_Safari_IOS,71,0
62365128,0,0,0,0,0,0,0,0,Desktop,62,0
42354048,2,18,0,0,0,1.030138889,3,30.28333333,Desktop,119,0
45357264,0,0,0,0,0,0,0,0,Desktop,118,0
35883192,0,0,0,0,0,0,0,0,Desktop,142,0
74727864,3,90,10,0,0,35.48848765,5,154.0166667,Desktop,11,0
40575384,0,0,0,0,0,0,0,0,Desktop,98,0
41352384,0,0,0,0,0,0,0,0,mobile_Safari_IOS,92,0
45600576,25,150,5,0,0,0.3913071895,6,14.85,mobile_other_Android,32,0
65981064,0,0,0,0,0,0,1,0.1,mobile_Chrome_Android,49,1
69092616,0,1,0,0,0,0.2125694444,0,0,Desktop,30,1
46639536,0,0,0,0,0,0,0,0,Desktop,80,0
45581928,0,0,3,0,3,0.5820833333,1,26.6,Desktop,117,0
60634416,6,0,0,0,0,1.088611111,1,1.333333333,mobile_Safari_IOS,63,0
60214392,10,222,2,13,13,1.483910256,3,131.0333333,Desktop,7,0
72334704,0,0,0,0,0,0.9091666667,0,0,Desktop,24,0
43759752,5,0,0,0,0,0,0,0,Desktop,121,0
73971288,7,353,21,0,21,1.450537037,5,345.3333333,Desktop,16,0
21806616,0,0,0,0,0,0,0,0,Desktop,231,0
48420864,2,12,0,0,0,0.6104861111,0,0,Desktop,108,0
51214512,0,0,0,0,0,0,0,0,Desktop,97,0
61917576,1,8,0,0,0,0.7629166667,1,7.383333333,Desktop,63,0
68265000,0,0,0,0,0,0,0,0,Desktop,41,0
37877640,3,0,0,0,0,0.5526851852,0,0,Desktop,139,0
21462960,3,90,0,4,4,0.7450925926,4,119.2833333,Desktop,213,0
27532440,0,0,0,0,0,0,0,0,Desktop,187,0
53353704,0,0,0,0,0,0,0,0,Desktop,89,1
30695496,0,218,0,0,0,4.884166667,0,0,Desktop,169,0
27060912,4,50,9,0,0,0.6252777778,4,52.85,Desktop,192,0
24647328,0,0,0,0,0,0,0,0,Desktop,128,0
62606664,0,0,0,0,0,0,0,0,Desktop,61,0
44300544,0,0,0,0,0,0,0,0,Desktop,120,0
26686176,0,0,0,0,0,0,0,0,mobile_Chrome_Android,193,0
32114520,3,30,0,23,20,0.8348015873,7,149.4666667,mobile_Chrome_Android,158,0
76745400,6,149,55,0,59,0.6257323232,7,857.9333333,Desktop,6,0
53200968,0,0,0,0,0,0,0,0,Desktop,72,0
21941592,6,220,0,0,0,1.039294872,4,40.63333333,mobile_Safari_IOS,90,1
37138824,0,0,0,0,0,0,0,0,Desktop,141,0
49956216,2,15,0,0,0,0.55125,3,66.6,Desktop,75,0
60072312,0,0,0,0,0,0,0,0,Desktop,53,0
60902592,8,263,0,1,4,0.637,2,147.8166667,mobile_Safari_IOS,65,0
31574616,1,10,0,0,0,0.6623263889,3,0.2166666667,Desktop,157,0
67419624,1,10,0,0,0,0.3213888889,0,0,Desktop,22,0
31180344,4,105,1,0,1,2.346018519,1,19.38333333,Desktop,126,0
34819368,1,26,0,0,0,0.9769444444,1,0.1833333333,Desktop,153,0
76145112,4,80,0,0,0,0.399484127,0,0,App_IOS,8,0
62009928,6,11,0,0,0,0.4375925926,2,36.18333333,mobile_Chrome_Android,19,0
65670264,4,18,0,0,0,0.4679166667,3,43.51666667,Desktop,52,0
28297896,0,0,0,0,0,0,0,0,mobile_Chrome_IOS,182,0
45875856,2,13,0,0,0,0.3620833333,0,0,Desktop,106,0
74973840,0,0,0,0,0,0.2186111111,1,0.03333333333,Desktop,12,0
58908144,12,137,0,0,0,0.809781746,4,34.2,Desktop,50,0
64135800,2,20,0,6,6,0.3471296296,4,98.38333333,Desktop,21,0
45842112,5,0,0,0,0,0,0,0,Desktop,117,0
64847976,0,0,0,0,0,0,0,0,Desktop,53,0
76638840,9,120,0,0,0,0.74875,1,9.75,Desktop,6,0
68244576,3,14,0,0,0,0.4913580247,0,0,Desktop,41,0
60834216,0,0,0,0,0,0,0,0,Desktop,65,0
63074640,3,151,0,0,51,1.236342593,3,236.25,Desktop,7,0
72539832,0,0,0,0,0,0,0,0,Desktop,23,0
32412888,3,29,0,0,0,0.4797222222,1,0.7,Desktop,120,0
70355352,3,30,3,0,1,0.7203703704,2,49.41666667,Desktop,26,0
34172904,0,0,0,0,0,0,0,0,Desktop,144,0
56738760,0,0,0,0,0,0,0,0,Desktop,75,0
52739208,6,58,0,0,0,0.6376111111,3,25.8,App_android,91,0
73308840,1,6,0,1,2,0.7414285714,2,82.9,Desktop,20,0
23152824,6,0,0,0,0,0,0,0,Desktop,201,0
58211064,0,0,0,0,0,0,0,0,Desktop,72,0
72507864,3,69,5,4,5,16.89048611,4,91.05,Desktop,21,0
61950432,0,0,0,0,0,0,0,0,Desktop,50,0
25406568,0,0,0,0,0,0,0,0,Desktop,206,0
44205528,0,0,0,0,0,0.2029166667,0,0,mobile_Safari_IOS,119,0
38976984,0,0,0,0,0,0,0,0,Desktop,131,0
50878848,1,75,1,0,0,0.8425,1,2.283333333,Desktop,99,0
71680248,0,0,0,0,0,0.6791666667,0,0,Desktop,13,0
72653496,1,40,0,0,0,0.6030555556,2,44.08333333,Desktop,16,0
22599600,2,24,0,0,0,0.7356944444,3,0.4166666667,Desktop,68,0
31083552,0,0,0,0,0,0,0,0,Desktop,139,0
48161568,3,0,0,0,0,0,0,0,Desktop,38,0
23822376,7,176,4,0,0,0.9662962963,6,300.6333333,Desktop,94,0
77033112,6,0,0,0,0,0,3,88.88333333,Desktop,7,0
54210624,2,0,0,0,0,0,0,0,Desktop,86,0
25550424,0,0,0,0,0,0,0,0,Desktop,205,0
36438192,0,0,0,0,0,0.6966666667,0,0,Desktop,145,0
28506576,5,0,0,0,0,0,0,0,Desktop,182,0
30184896,1,10,42,0,20,0.3115740741,2,193.15,Desktop,122,0
63528408,4,54,0,0,0,0.5988095238,4,26.11666667,mobile_Safari_IOS,11,0
72218376,0,0,0,0,0,0,0,0,Desktop,13,0
67289088,0,0,0,0,0,0,0,0,Desktop,34,0
42832680,1,0,0,0,0,0,0,0,Desktop,119,0
28178904,1,10,0,0,0,0.3875925926,0,0,Desktop,184,0
35894736,2,94,0,0,1,0.3445833333,2,49.81666667,Desktop,51,0
76774704,6,63,2,0,1,0.6305555556,6,231.2333333,mobile_Safari_IOS,6,0
55962648,0,0,0,0,0,0,0,0,Desktop,78,0
72427944,9,113,0,7,13,1.16099537,7,191.1166667,Desktop,23,0
43671840,0,0,0,0,0,0.3038888889,0,0,App_android,78,0
62602224,0,0,0,0,0,0,0,0,App_android,60,0
65391432,2,20,5,0,6,0.6448611111,4,172.35,Desktop,51,0
29314656,0,0,0,0,0,0,0,0,Desktop,172,0
42467712,0,0,0,0,0,0,0,0,Desktop,122,0
60667272,0,0,0,0,0,0,0,0,Desktop,66,0
31661640,0,0,3,3,3,1.223194444,2,46.88333333,Desktop,137,0
51921360,3,10,0,0,7,0.9211111111,2,73.85,Desktop,87,0
41216520,1,0,0,0,0,0,1,0.01666666667,Desktop,119,1
51198528,0,0,4,0,4,12.36291667,3,30.61666667,Desktop,27,0
40813368,0,0,0,0,0,0,0,0,Desktop,122,0
76749840,14,254,0,0,0,0.5294444444,2,14.93333333,Desktop,7,0
66722544,1,0,0,0,0,0,0,0,Desktop,24,1
70431720,3,18,0,0,0,0.3858333333,2,38.4,Desktop,15,1
46191096,3,126,0,0,0,0.9984027778,1,1.166666667,Desktop,60,0
29844792,0,0,0,0,0,0.3563888889,0,0,Desktop,172,0
75820992,10,102,2,0,0,0.8740935673,5,20.35,Desktop,9,0
44354712,0,0,0,0,0,0,0,0,Desktop,119,0